530622021,20,02,4d,6,52000a58,00,111278fffffffffffff8
530625446,20,02,86,6,52000a55,00,ffffff8e1937ffffffc8
530256885,20,01,e5,3,52000a4a,00,3cffffffffffffffffff
530256887,20,01,7a,3,52000a4b,00,1713161620ffffffffff
530256886,20,01,dc,3,52000a4c,00,881b8ad8758c8dffffff
530256816,20,01,a2,3,52000a4d,00,ffffffffffffffffffff
530256884,20,01,52,3,52000a4e,00,18164af55e72a6ffffff
530256885,20,01,e5,3,52000a4a,00,3cffffffffffffffffff
530256887,20,01,7a,3,52000a4b,00,1713161620ffffffffff
530256886,20,01,dc,3,52000a4c,00,881b8ad8758c8dffffff
530256816,20,01,a2,3,52000a4d,00,ffffffffffffffffffff
530256884,20,01,52,3,52000a4e,00,18164af55e72a6ffffff
530622021,20,02,4d,6,52000a58,00,111278fffffffffffff8
530625747,20,02,f9,6,52000a55,00,ffffff8e1937ffffffc8
530622021,20,02,4d,6,52000a58,00,111278fffffffffffff8
530626047,20,02,6c,6,52000a55,00,ffffff8e1937ffffffd3
530622021,20,02,4d,6,52000a58,00,111278fffffffffffff8
530626348,20,02,df,6,52000a55,00,ffffff8f1937ffffffd7
530622021,20,02,4d,6,52000a58,00,111278fffffffffffff8
530626650,20,02,53,6,52000a55,00,ffffff8e1937ffffffd6
530622021,20,02,4d,6,52000a58,00,111278fffffffffffff8
530626951,20,02,c6,6,52000a55,00,ffffff8e1937ffffffd5
530622021,20,02,4d,6,52000a58,00,111278fffffffffffff8
530627251,20,02,39,6,52000a55,00,ffffff8e1937ffffffce
530622021,20,02,4d,6,52000a58,00,111278fffffffffffff8
530627551,20,02,ac,6,52000a55,00,ffffff8e1937ffffffc6
530622021,20,02,4d,6,52000a58,00,111278fffffffffffff8
530627852,20,02,1f,6,52000a55,00,ffffff8e1937ffffffc9
530622021,20,02,4d,6,52000a58,00,111278fffffffffffff8
530628152,20,02,92,6,52000a55,00,ffffff8e1937ffffffd5
530622021,20,02,4d,6,52000a58,00,111278fffffffffffff8
530628453,20,02,05,6,52000a55,00,ffffff8e1937ffffffd5
530622021,20,02,4d,6,52000a58,00,111278fffffffffffff8
530628750,20,02,77,6,52000a55,00,ffffff8e1937ffffffd8
530622021,20,02,4d,6,52000a58,00,111278fffffffffffff8
530629053,20,02,eb,6,52000a55,00,ffffff8e1936ffffffde
530622021,20,02,4d,6,52000a58,00,111278fffffffffffff8
530629353,20,02,5e,6,52000a55,00,ffffff8e1936ffffffe1
530622021,20,02,4d,6,52000a58,00,111278fffffffffffff8
530629654,20,02,d1,6,52000a55,00,ffffff8e1936ffffffdc
530622021,20,02,4d,6,52000a58,00,111278fffffffffffff8
530629954,20,02,44,6,52000a55,00,ffffff8d1936ffffffd6
530622021,20,02,4d,6,52000a58,00,111278fffffffffffff8
530630254,20,02,b7,6,52000a55,00,ffffff8e1936ffffffd3
530622021,20,02,4d,6,52000a58,00,111278fffffffffffff8
530630555,20,02,2a,6,52000a55,00,ffffff8d1937ffffffdd
530622021,20,02,4d,6,52000a58,00,111278fffffffffffff8
530630855,20,02,9d,6,52000a55,00,ffffff8e1937ffffffe2
530622021,20,02,4d,6,52000a58,00,111278fffffffffffff8
530631156,20,02,10,6,52000a55,00,ffffff901937ffffffe4
530622021,20,02,4d,6,52000a58,00,111278fffffffffffff8
530631458,20,02,84,6,52000a55,00,ffffff8e1937ffffffe1
530622021,20,02,4d,6,52000a58,00,111278fffffffffffff8
530631759,20,02,f7,6,52000a55,00,ffffff8e1937ffffffe6
530622021,20,02,4d,6,52000a58,00,111278fffffffffffff8
530632059,20,02,6a,6,52000a55,00,ffffff8e1937ffffffea
530622021,20,02,4d,6,52000a58,00,111278fffffffffffff8
530632359,20,02,dd,6,52000a55,00,ffffff8e1936ffffffea
530632605,20,02,95,6,52000a58,00,1115dafffffffffffffc
530632660,20,02,50,6,52000a55,00,ffffff8e1936ffffffed
530632605,20,02,95,6,52000a58,00,1115dafffffffffffffc
530632960,20,02,c3,6,52000a55,00,ffffff8e1937ffffffee
530633012,20,02,35,6,52000a58,00,1114bcfffffffffffffc
530633261,20,02,36,6,52000a55,00,ffffff8e1936ffffffec
530633012,20,02,35,6,52000a58,00,1114bcfffffffffffffc
530633561,20,02,a9,6,52000a55,00,ffffff8e1937ffffffec
530633824,20,02,75,6,52000a58,00,1114c9fffffffffffffc
530633861,20,02,1c,6,52000a55,00,ffffff8e1936ffffffec
530633824,20,02,75,6,52000a58,00,1114c9fffffffffffffc
530634161,20,02,8f,6,52000a55,00,ffffff8e1936ffffffea
530633824,20,02,75,6,52000a58,00,1114c9fffffffffffffc
530634462,20,02,02,6,52000a55,00,ffffff8e1936ffffffe8
530633824,20,02,75,6,52000a58,00,1114c9fffffffffffffc
530634765,20,02,76,6,52000a55,00,ffffff8e1937ffffffea
530633824,20,02,75,6,52000a58,00,1114c9fffffffffffffc
530635065,20,02,e9,6,52000a55,00,ffffff8e1936ffffffef
530633824,20,02,75,6,52000a58,00,1114c9fffffffffffffc
530635366,20,02,5c,6,52000a55,00,ffffff8e1938fffffff0
530633824,20,02,75,6,52000a58,00,1114c9fffffffffffffc
530635666,20,02,cf,6,52000a55,00,ffffff8e1937fffffff0
530633824,20,02,75,6,52000a58,00,1114c9fffffffffffffc
530635966,20,02,42,6,52000a55,00,ffffff8d1936fffffff2
530636102,20,02,f6,6,52000a58,00,1115d4fffffffffffffd
530636266,20,02,b5,6,52000a55,00,ffffff8e1937fffffff4
530636102,20,02,f6,6,52000a58,00,1115d4fffffffffffffd
530636567,20,02,28,6,52000a55,00,ffffff8e1937fffffff4
530636102,20,02,f6,6,52000a58,00,1115d4fffffffffffffd
530636867,20,02,9b,6,52000a55,00,ffffff8e1937fffffff5
530636102,20,02,f6,6,52000a58,00,1115d4fffffffffffffd
530637168,20,02,0e,6,52000a55,00,ffffff8e1937fffffff5
530637255,20,02,bc,6,52000a58,00,1115d8fffffffffffffe
530637468,20,02,81,6,52000a55,00,ffffff8e1937fffffff6
530637255,20,02,bc,6,52000a58,00,1115d8fffffffffffffe
530637768,20,02,f4,6,52000a55,00,ffffff8e1937fffffff8
530637255,20,02,bc,6,52000a58,00,1115d8fffffffffffffe
530638069,20,02,67,6,52000a55,00,ffffff8e1937fffffff7
530637255,20,02,bc,6,52000a58,00,1115d8fffffffffffffe
530638369,20,02,da,6,52000a55,00,ffffff8e1937fffffff7
530637255,20,02,bc,6,52000a58,00,1115d8fffffffffffffe
530638670,20,02,4d,6,52000a55,00,ffffff8e1937fffffef9
530637255,20,02,bc,6,52000a58,00,1115d8fffffffffffffe
530638970,20,02,c0,6,52000a55,00,ffffff8e1937fffffefb
530637255,20,02,bc,6,52000a58,00,1115d8fffffffffffffe
530639270,20,02,33,6,52000a55,00,ffffff8e1937fffffefc
530637255,20,02,bc,6,52000a58,00,1115d8fffffffffffffe
530639573,20,02,a7,6,52000a55,00,ffffff8e1937fffffefc
530637255,20,02,bc,6,52000a58,00,1115d8fffffffffffffe
530639871,20,02,19,6,52000a55,00,ffffff8e1937fffffefc
530637255,20,02,bc,6,52000a58,00,1115d8fffffffffffffe
530640174,20,02,8d,6,52000a55,00,ffffff8e1937fffffefc
530637255,20,02,bc,6,52000a58,00,1115d8fffffffffffffe
530640474,20,02,00,6,52000a55,00,ffffff8e1936fffffefd
530637255,20,02,bc,6,52000a58,00,1115d8fffffffffffffe
530641075,20,02,e6,6,52000a55,00,ffffff8e1938fffffefe
530637255,20,02,bc,6,52000a58,00,1115d8fffffffffffffe
530641376,20,02,59,6,52000a55,00,ffffff8e1937fffffefe
530637255,20,02,bc,6,52000a58,00,1115d8fffffffffffffe
530641676,20,02,cc,6,52000a55,00,ffffff8e1937fffffefe
530637255,20,02,bc,6,52000a58,00,1115d8fffffffffffffe
530641976,20,02,3f,6,52000a55,00,ffffff8e1937fffffdff
530637255,20,02,bc,6,52000a58,00,1115d8fffffffffffffe
530642277,20,02,b2,6,52000a55,00,ffffff8e1936ffffffff
530637255,20,02,bc,6,52000a58,00,1115d8fffffffffffffe
530642577,20,02,25,6,52000a55,00,ffffff8e1937fffffeff
530637255,20,02,bc,6,52000a58,00,1115d8fffffffffffffe
530642877,20,02,98,6,52000a55,00,ffffff8e1937ffffffff
530637255,20,02,bc,6,52000a58,00,1115d8fffffffffffffe
530643178,20,02,0b,6,52000a55,00,ffffff8e1938fffffeff
530637255,20,02,bc,6,52000a58,00,1115d8fffffffffffffe
530643478,20,02,7e,6,52000a55,00,ffffff8e1938fffffeff
530637255,20,02,bc,6,52000a58,00,1115d8fffffffffffffe
530643779,20,02,f1,6,52000a55,00,ffffff8e1939fffffeff
530637255,20,02,bc,6,52000a58,00,1115d8fffffffffffffe
530644079,20,02,64,6,52000a55,00,ffffff8f1938fffffeff
530637255,20,02,bc,6,52000a58,00,1115d8fffffffffffffe
530644379,20,02,d7,6,52000a55,00,ffffff8e1939fffffeff
530637255,20,02,bc,6,52000a58,00,1115d8fffffffffffffe
530644680,20,02,4a,6,52000a55,00,ffffff8e1939fffffdff
530637255,20,02,bc,6,52000a58,00,1115d8fffffffffffffe
530644980,20,02,bd,6,52000a55,00,ffffff8e1938fffffdff
530637255,20,02,bc,6,52000a58,00,1115d8fffffffffffffe
530645281,20,02,30,6,52000a55,00,ffffff8e1939fffffdff
530637255,20,02,bc,6,52000a58,00,1115d8fffffffffffffe
530645581,20,02,a3,6,52000a55,00,ffffff8e1939fffffdff
530637255,20,02,bc,6,52000a58,00,1115d8fffffffffffffe
530645881,20,02,16,6,52000a55,00,ffffff8e193afffffdff
530637255,20,02,bc,6,52000a58,00,1115d8fffffffffffffe
530646182,20,02,89,6,52000a55,00,ffffff8e1939fffffdff
530637255,20,02,bc,6,52000a58,00,1115d8fffffffffffffe
530646485,20,02,fd,6,52000a55,00,ffffff8e193afffffdff
530637255,20,02,bc,6,52000a58,00,1115d8fffffffffffffe
530646785,20,02,70,6,52000a55,00,ffffff8f193afffffdff
530637255,20,02,bc,6,52000a58,00,1115d8fffffffffffffe
530647068,20,02,72,6,52000a57,00,1515141514171effffff
530647086,20,02,e3,6,52000a55,00,ffffff901a3afffffdff
530637255,20,02,bc,6,52000a58,00,1115d8fffffffffffffe
530647109,20,02,82,6,52000a57,00,1515141514171effffff
530647386,20,02,56,6,52000a55,00,ffffff8f1a3afffffdff
530637255,20,02,bc,6,52000a58,00,1115d8fffffffffffffe
530647109,20,02,82,6,52000a57,00,1515141514171effffff
530647686,20,02,c9,6,52000a55,00,ffffff901a3afffffdff
530637255,20,02,bc,6,52000a58,00,1115d8fffffffffffffe
530647972,20,02,d0,6,52000a57,00,1515141515171effffff
530647987,20,02,3c,6,52000a55,00,ffffff911a3cfffffdff
530637255,20,02,bc,6,52000a58,00,1115d8fffffffffffffe
530648284,20,02,49,6,52000a57,00,1515141515171effffff
530648288,20,02,af,6,52000a55,00,ffffff921a3bfffffdff
530637255,20,02,bc,6,52000a58,00,1115d8fffffffffffffe
530648581,20,02,bc,6,52000a57,00,15151416141729ffffff
530648588,20,02,22,6,52000a55,00,ffffff911a3dfffffeff
530637255,20,02,bc,6,52000a58,00,1115d8fffffffffffffe
530648870,20,02,2c,6,52000a57,00,1515141615171effffff
530648888,20,02,95,6,52000a55,00,ffffff941a3ffffffdff
530637255,20,02,bc,6,52000a58,00,1115d8fffffffffffffe
530649180,20,02,a4,6,52000a57,00,1515141615171effffff
530649188,20,02,08,6,52000a55,00,ffffff931b3ffffffdff
530637255,20,02,bc,6,52000a58,00,1115d8fffffffffffffe
530649381,20,02,f2,6,52000a57,00,1515141915181effffff
530649489,20,02,7b,6,52000a55,00,ffffff941b3dfffffdff
530637255,20,02,bc,6,52000a58,00,1115d8fffffffffffffe
530649720,20,02,75,6,52000a57,00,1515141815171effffff
530649789,20,02,ee,6,52000a55,00,ffffff951b41fffffdff
530637255,20,02,bc,6,52000a58,00,1115d8fffffffffffffe
530650076,20,02,ff,6,52000a57,00,1515141619171effffff
530650090,20,02,61,6,52000a55,00,ffffff971b3ffffffdff
530637255,20,02,bc,6,52000a58,00,1115d8fffffffffffffe
530650352,20,02,6a,6,52000a57,00,1515141716171effffff
530650390,20,02,d4,6,52000a55,00,ffffff9a1d44fffffdff
530637255,20,02,bc,6,52000a58,00,1115d8fffffffffffffe
530650598,20,02,c9,6,52000a57,00,1515141814171effffff
530650691,20,02,47,6,52000a55,00,ffffff981d41fffffdff
530637255,20,02,bc,6,52000a58,00,1115d8fffffffffffffe
530650972,20,02,5a,6,52000a57,00,1515141717181effffff
530650991,20,02,ba,6,52000a55,00,ffffffa21f43fffffdff
530637255,20,02,bc,6,52000a58,00,1115d8fffffffffffffe
530651253,20,02,c7,6,52000a57,00,1515141715181effffff
530651291,20,02,2d,6,52000a55,00,ffffff9c1c40fffffdff
530637255,20,02,bc,6,52000a58,00,1115d8fffffffffffffe
530651537,20,02,35,6,52000a57,00,1515141616171effffff
530651592,20,02,a0,6,52000a55,00,ffffffa31e45fffffdff
530637255,20,02,bc,6,52000a58,00,1115d8fffffffffffffe
530651853,20,02,af,6,52000a57,00,1515141714171effffff
530651895,20,02,14,6,52000a55,00,ffffff9c1e42fffffeff
530637255,20,02,bc,6,52000a58,00,1115d8fffffffffffffe
530652095,20,02,0d,6,52000a57,00,1515141614171effffff
530652193,20,02,86,6,52000a55,00,ffffff9b1e49fffffdff
530637255,20,02,bc,6,52000a58,00,1115d8fffffffffffffe
530652490,20,02,a6,6,52000a57,00,1515141714171effffff
530652496,20,02,fa,6,52000a55,00,ffffff9d1e49fffffdff
530637255,20,02,bc,6,52000a58,00,1115d8fffffffffffffe
530652753,20,02,0c,6,52000a57,00,1515141614171effffff
530652796,20,02,6d,6,52000a55,00,ffffff9e1f4bfffffdff
530637255,20,02,bc,6,52000a58,00,1115d8fffffffffffffe
530652968,20,02,5f,6,52000a57,00,1515141714171effffff
530653096,20,02,e0,6,52000a55,00,ffffff9a1e4bfffffdff
530637255,20,02,bc,6,52000a58,00,1115d8fffffffffffffe
530653391,20,02,03,6,52000a57,00,1515141614171effffff
530653397,20,02,53,6,52000a55,00,ffffff9b214efffffdff
530637255,20,02,bc,6,52000a58,00,1115d8fffffffffffffe
530653693,20,02,78,6,52000a57,00,1515141514171effffff
530653698,20,02,c6,6,52000a55,00,ffffff9a2050fffffdff
530637255,20,02,bc,6,52000a58,00,1115d8fffffffffffffe
530653996,20,02,ed,6,52000a57,00,1515141615171effffff
530653998,20,02,39,6,52000a55,00,ffffff9c1f4ffffffdff
530637255,20,02,bc,6,52000a58,00,1115d8fffffffffffffe
530654155,20,02,2b,6,52000a57,00,1515141614171effffff
530654299,20,02,ac,6,52000a55,00,ffffff9d204dfffffdff
530637255,20,02,bc,6,52000a58,00,1115d8fffffffffffffe
530654478,20,02,a8,6,52000a57,00,1515141614171fffffff
530654599,20,02,1f,6,52000a55,00,ffffff9d1f4efffffdff
530637255,20,02,bc,6,52000a58,00,1115d8fffffffffffffe
530654700,20,02,fe,6,52000a57,00,1515141614171effffff
530654899,20,02,92,6,52000a55,00,ffffff9c2150fffffeff
530637255,20,02,bc,6,52000a58,00,1115d8fffffffffffffe
530654979,20,02,6a,6,52000a57,00,1515141514171effffff
530655200,20,02,05,6,52000a55,00,ffffff9c2052fffffeff
530637255,20,02,bc,6,52000a58,00,1115d8fffffffffffffe
530655498,20,02,33,6,52000a57,00,1515141514171effffff
530655500,20,02,78,6,52000a55,00,ffffff9a1f51fffffdff
530655569,20,02,e7,6,52000a58,00,14146effffffffffffff
530655736,20,02,8f,6,52000a57,00,1515141514171effffff
530655800,20,02,eb,6,52000a55,00,ffffff9b1f50fffffdff
530655569,20,02,e7,6,52000a58,00,14146effffffffffffff
530655999,20,02,f5,6,52000a57,00,1515141515171effffff
530656101,20,02,5e,6,52000a55,00,ffffff9a204ffffffdff
530655569,20,02,e7,6,52000a58,00,14146effffffffffffff
530656322,20,02,72,6,52000a57,00,1515141519171effffff
530656402,20,02,d1,6,52000a55,00,ffffff9c204ffffffdff
530655569,20,02,e7,6,52000a58,00,14146effffffffffffff
530656521,20,02,bf,6,52000a57,00,1515141414171effffff
530656702,20,02,44,6,52000a55,00,ffffff9b2051fffffdff
530656778,20,02,c3,6,52000a58,00,14147affffffffffffff
530656916,20,02,58,6,52000a57,00,15151414141774ffffff
530657002,20,02,b7,6,52000a55,00,ffffff9b2351fffffdff
530656778,20,02,c3,6,52000a58,00,14147affffffffffffff
530657282,20,02,e6,6,52000a57,00,1515141616171fffffff
530657303,20,02,2a,6,52000a55,00,ffffff9c204efffffeff
530657309,20,02,94,6,52000a58,00,141483ffffffffffffff
530657600,20,02,61,6,52000a57,00,1515141514171effffff
530657603,20,02,9d,6,52000a55,00,ffffff9c204ffffffdff
530657309,20,02,94,6,52000a58,00,141483ffffffffffffff
530657895,20,02,d3,6,52000a57,00,1515141514171fffffff
530657906,20,02,11,6,52000a55,00,ffffff9c204efffffdff
530658193,20,02,f0,6,52000a58,00,141581ffffffffffffff
530658194,20,02,47,6,52000a57,00,1515141814171effffff
530658207,20,02,84,6,52000a55,00,ffffff9c204ffffffdff
530658193,20,02,f0,6,52000a58,00,141581ffffffffffffff
530658367,20,02,8a,6,52000a57,00,1515141a141720ffffff
530658507,20,02,f7,6,52000a55,00,ffffff9c204efffffdff
530658788,20,02,da,6,52000a58,00,14158effffffffffffff
530658757,20,02,21,6,52000a57,00,1515141715171fffffff
530658807,20,02,6a,6,52000a55,00,ffffff9c2050fffffdff
530659052,20,02,42,6,52000a58,00,14158bffffffffffffff
530659088,20,02,a1,6,52000a57,00,1515151614171fffffff
530659108,20,02,dd,6,52000a55,00,ffffff9d2051fffffdff
530659395,20,02,c9,6,52000a58,00,141594ffffffffffffff
530659387,20,02,15,6,52000a57,00,1515141714181fffffff
530659408,20,02,50,6,52000a55,00,ffffff9e2150fffffdff
530659669,20,02,35,6,52000a58,00,141588ffffffffffffff
530659681,20,02,87,6,52000a57,00,1515141615171effffff
530659709,20,02,c3,6,52000a55,00,ffffff9c214efffffdff
530659877,20,02,87,6,52000a58,00,14158affffffffffffff
530659986,20,02,fd,6,52000a57,00,1515141714171effffff
530660009,20,02,36,6,52000a55,00,ffffff9e2150fffffdff
530660286,20,02,28,6,52000a58,00,141594ffffffffffffff
530660291,20,02,73,6,52000a57,00,1515141f17171effffff
530660310,20,02,a9,6,52000a55,00,ffffff9c2152fffffdff
530660578,20,02,9b,6,52000a58,00,141593ffffffffffffff
530660598,20,02,ea,6,52000a57,00,1515141939171effffff
530660610,20,02,1c,6,52000a55,00,ffffff9d2051fffffdff
530660726,20,02,d5,6,52000a58,00,131593ffffffffffffff
530660869,20,02,53,6,52000a57,00,1515141618171effffff
530660911,20,02,8f,6,52000a55,00,ffffff9c2151fffffdff
530661175,20,02,86,6,52000a58,00,131598ffffffffffffff
530661187,20,02,ce,6,52000a57,00,1515141617171effffff
530661211,20,02,02,6,52000a55,00,ffffff9c214ffffffdff
530661500,20,02,06,6,52000a58,00,1415a2ffffffffffffff
530661497,20,02,46,6,52000a57,00,1515141614171effffff
530661511,20,02,75,6,52000a55,00,ffffff9c2150fffffdff
530661787,20,02,77,6,52000a58,00,1415b0ffffffffffffff
530661806,20,02,be,6,52000a57,00,1515141714171effffff
530661812,20,02,e8,6,52000a55,00,ffffff9d2250fffffdff
530662110,20,02,f6,6,52000a58,00,1416bfffffffffffffff
530662098,20,02,2f,6,52000a57,00,1515141614171effffff
530662112,20,02,5b,6,52000a55,00,ffffff9e2150fffffdff
530662387,20,02,63,6,52000a58,00,1315a8ffffffffffffff
530662413,20,02,a9,6,52000a57,00,1515141818171effffff
530662413,20,02,ce,6,52000a55,00,ffffff9d224ffffffeff
530662485,20,02,4b,4,52000a53,00,1914144917171810ffff
530662484,20,02,3d,4,52000a52,00,fffffed4161915a0dbff
530662483,20,01,af,4,52000a51,00,daffffffffffffffffff
530662459,20,02,f8,4,52000a50,00,ffffff2535fdfffff4ff
530662484,20,01,6b,4,52000a4f,00,1414121016171dffdeff
530662707,20,02,e1,6,52000a58,00,1416beffffffffffffff
530662705,20,02,1a,6,52000a57,00,15151418a8171effffff
530662713,20,02,41,6,52000a55,00,ffffff9d2150fffffeff
530662978,20,02,4c,6,52000a58,00,1416bdffffffffffffff
530663013,20,02,91,6,52000a57,00,1515141616171effffff
530663014,20,02,b4,6,52000a55,00,ffffff9c224ffffffeff
530663227,20,02,ae,6,52000a58,00,1416bcffffffffffffff
530663183,20,02,d3,6,52000a57,00,1515141614171effffff
530663314,20,02,27,6,52000a55,00,ffffff9c2150fffffdff
530663616,20,02,47,6,52000a58,00,1416d0ffffffffffffff
530663583,20,02,6e,6,52000a57,00,1515141914171fffffff
530663615,20,02,9a,6,52000a55,00,ffffff9d2250fffffcff
530663872,20,02,ac,6,52000a58,00,1415b6ffffffffffffff
530663913,20,02,ee,6,52000a57,00,15151418141720ffffff
530663915,20,02,0d,6,52000a55,00,ffffff9f2250fffffcff
530664170,20,02,21,6,52000a58,00,1415b3ffffffffffffff
530664195,20,02,5b,6,52000a57,00,1515141714171effffff
530664215,20,02,80,6,52000a55,00,ffffff9e214ffffffdff
530664490,20,02,9f,6,52000a58,00,1416d0ffffffffffffff
530664350,20,02,97,6,52000a57,00,1515141814171effffff
530664516,20,02,f3,6,52000a55,00,ffffff9d2150ffffffff
530664784,20,02,13,6,52000a58,00,1416caffffffffffffff
530664647,20,02,0a,6,52000a57,00,1515141914171effffff
530664816,20,02,66,6,52000a55,00,ffffff9c2150fffffdff
530665105,20,02,91,6,52000a58,00,1416cdffffffffffffff
530664944,20,02,7d,6,52000a57,00,1515141816171effffff
530665117,20,02,d9,6,52000a55,00,ffffff9d2250fffffdff
530665386,20,02,00,6,52000a58,00,1416bfffffffffffffff
530665318,20,02,0e,6,52000a57,00,1515141816171effffff
530665420,20,02,4d,6,52000a55,00,ffffff9d2250fffffdff
530665719,20,02,83,6,52000a58,00,1416c6ffffffffffffff
530665571,20,02,70,6,52000a57,00,1515141714171effffff
530665720,20,02,c0,6,52000a55,00,ffffff9e214ffffffdff
530666004,20,02,f3,6,52000a58,00,1416c9ffffffffffffff
530665794,20,02,c6,6,52000a57,00,1515141714171effffff
530666021,20,02,33,6,52000a55,00,ffffff9d214ffffffdff
530666293,20,02,65,6,52000a58,00,1416c5ffffffffffffff
530666302,20,02,8b,6,52000a57,00,1515141714171effffff
530666321,20,02,a6,6,52000a55,00,ffffff9d2050fffffdff
530666529,20,02,c2,6,52000a58,00,1417dbffffffffffffff
530666550,20,02,eb,6,52000a57,00,1515141814361effffff
530666621,20,02,19,6,52000a55,00,ffffff9d2150fffffdff
530666921,20,02,5c,6,52000a58,00,1417d9ffffffffffffff
530666893,20,02,70,6,52000a57,00,1515141714181effffff
530666922,20,02,8c,6,52000a55,00,ffffff9d2251fffffdff
530667147,20,02,b5,6,52000a58,00,1416b9ffffffffffffff
530667172,20,02,dc,6,52000a57,00,1515141714171effffff
530667223,20,02,ff,6,52000a55,00,ffffff9d2250fffffdff
530667502,20,02,41,6,52000a58,00,1416b2ffffffffffffff
530667485,20,02,55,6,52000a57,00,1515141914171effffff
530667523,20,02,72,6,52000a55,00,ffffff9d2250fffffdff
530667756,20,02,a5,6,52000a58,00,1416bdffffffffffffff
530667818,20,02,d6,6,52000a57,00,1515141715161effffff
530667824,20,02,e5,6,52000a55,00,ffffff9e2151fffffdff
530668109,20,02,30,6,52000a58,00,1416b8ffffffffffffff
530668120,20,02,4b,6,52000a57,00,1515141732161effffff
530668124,20,02,58,6,52000a55,00,ffffff9d2150fffffeff
530668226,20,02,5e,6,52000a58,00,1416b9ffffffffffffff
530668404,20,02,b9,6,52000a57,00,1515141715161effffff
530668424,20,02,cb,6,52000a55,00,ffffff9d2150fffffeff
530668633,20,02,fe,6,52000a58,00,1417beffffffffffffff
530668479,20,02,d6,6,52000a57,00,151514164a161effffff
530668725,20,02,3e,6,52000a55,00,ffffff9d214ffffffdff
530669019,20,02,96,6,52000a58,00,1417cdffffffffffffff
530668949,20,02,8c,6,52000a57,00,1515141715171effffff
530669025,20,02,b1,6,52000a55,00,ffffff9d2150fffffdff
530669321,20,02,0d,6,52000a58,00,1417b7ffffffffffffff
530669137,20,02,d5,6,52000a57,00,1515141615171effffff
530669326,20,02,24,6,52000a55,00,ffffff9c2150fffffdff
530669623,20,02,84,6,52000a58,00,1417bbffffffffffffff
530669571,20,02,7d,6,52000a57,00,1515141a15171effffff
530669626,20,02,97,6,52000a55,00,ffffff9e214ffffffdff
530669920,20,02,f9,6,52000a58,00,1417cdffffffffffffff
530669708,20,02,b2,6,52000a57,00,1515141815171fffffff
530669927,20,02,0a,6,52000a55,00,ffffff9d2150fffffdff
530670144,20,02,51,6,52000a58,00,1417c4ffffffffffffff
530670160,20,02,61,6,52000a57,00,1515141715171fffffff
530670227,20,02,7d,6,52000a55,00,ffffff9c214ffffffdff
530670502,20,02,de,6,52000a58,00,1417c6ffffffffffffff
530670477,20,02,dc,6,52000a57,00,1515141615171effffff
530670528,20,02,f0,6,52000a55,00,ffffff9d2250fffffdff
530670797,20,02,52,6,52000a58,00,1417c3ffffffffffffff
530670805,20,02,5b,6,52000a57,00,1515151615171effffff
530670828,20,02,63,6,52000a55,00,ffffff9d2250fffffdff
530671106,20,02,cc,6,52000a58,00,1418dfffffffffffffff
530671038,20,02,b5,6,52000a57,00,1515141515171effffff
530671128,20,02,d6,6,52000a55,00,ffffff9d2150fffffdff
530671399,20,02,3f,6,52000a58,00,1418d9ffffffffffffff
530671415,20,02,47,6,52000a57,00,1515141615751effffff
530671429,20,02,49,6,52000a55,00,ffffff9e214ffffffdff
530671680,20,02,ae,6,52000a58,00,1418d6ffffffffffffff
530671725,20,02,bf,6,52000a57,00,1515141615171effffff
530671729,20,02,bc,6,52000a55,00,ffffff9e224ffffffdff
530672023,20,02,35,6,52000a58,00,1518f4ffffffffffffff
530672006,20,02,2c,6,52000a57,00,1515141615171effffff
530672030,20,02,2f,6,52000a55,00,ffffff9e214ffffffdff
530672326,20,02,ac,6,52000a58,00,1519faffffffffffffff
530672321,20,02,a6,6,52000a57,00,1515141715171effffff
530672333,20,02,a3,6,52000a55,00,ffffff9d224ffffffdff
530672608,20,02,1b,6,52000a58,00,1518dfffffffffffffff
530672602,20,02,13,6,52000a57,00,1515141615171effffff
530672631,20,02,15,6,52000a55,00,ffffff9d214ffffffdff
530672900,20,02,8e,6,52000a58,00,1618e4ffffffffffffff
530672933,20,02,93,6,52000a57,00,1515141815171effffff
530672934,20,02,89,6,52000a55,00,ffffff9d224efffffdff
530673215,20,02,0a,6,52000a58,00,1618d1ffffffffffffff
530673227,20,02,05,6,52000a57,00,1515141716171effffff
530673234,20,02,fc,6,52000a55,00,ffffff9d214ffffffdff
530673502,20,02,7b,6,52000a58,00,1619c3ffffffffffffff
530673514,20,02,74,6,52000a57,00,1515141615171effffff
530673534,20,02,6f,6,52000a55,00,ffffff9d224ffffffeff
530673827,20,02,fb,6,52000a58,00,1619cfffffffffffffff
530673814,20,02,e8,6,52000a57,00,1515141616171effffff
530673835,20,02,e2,6,52000a55,00,ffffff9e214ffffffdff
530674068,20,02,5a,6,52000a58,00,1619cbffffffffffffff
530674033,20,02,3d,6,52000a57,00,1515141615171effffff
530674135,20,02,55,6,52000a55,00,ffffff9d214fffffffff
530674396,20,02,db,6,52000a58,00,1619d3ffffffffffffff
530674387,20,02,c6,6,52000a57,00,1515141b15171effffff
530674436,20,02,c8,6,52000a55,00,ffffff9d214effffffff
530674660,20,02,43,6,52000a58,00,1618c5ffffffffffffff
530674663,20,02,31,6,52000a57,00,1515141815171effffff
530674736,20,02,3b,6,52000a55,00,ffffff9d224ffffffeff
530675034,20,02,d6,6,52000a58,00,1619d2ffffffffffffff
530675014,20,02,b9,6,52000a57,00,1515141815171effffff
530675037,20,02,ae,6,52000a55,00,ffffff9d214effffffff
530675283,20,02,38,6,52000a58,00,1619ceffffffffffffff
530675319,20,02,2f,6,52000a57,00,1515151715171effffff
530675337,20,02,21,6,52000a55,00,ffffff9d214efffffdff
530675603,20,02,b6,6,52000a58,00,1618bbffffffffffffff
530675383,20,02,48,6,52000a57,00,1515151715171effffff
530675638,20,02,94,6,52000a55,00,ffffff9d224efffffdff
530675938,20,02,3a,6,52000a58,00,1618b9ffffffffffffff
530675928,20,02,1b,6,52000a57,00,1515141a15171effffff
530675938,20,02,07,6,52000a55,00,ffffff9d214efffffdff
530676220,20,02,a9,6,52000a58,00,1618b8ffffffffffffff
530676215,20,02,8a,6,52000a57,00,1515141a15171effffff
530676239,20,02,7a,6,52000a55,00,ffffff9d214efffffdff
530676530,20,02,23,6,52000a58,00,1618c4ffffffffffffff
530676501,20,02,f9,6,52000a57,00,1515141815171effffff
530676539,20,02,ed,6,52000a55,00,ffffff9c224ffffffdff
530676839,20,02,9d,6,52000a58,00,1618b6ffffffffffffff
530676832,20,02,79,6,52000a57,00,1515141615171effffff
530676839,20,02,60,6,52000a55,00,ffffff9d224efffffdff
530677079,20,02,fb,6,52000a58,00,1618c3ffffffffffffff
530677056,20,02,d0,6,52000a57,00,1515141815171effffff
530677140,20,02,d3,6,52000a55,00,ffffff9d224efffffdff
530677411,20,02,7e,6,52000a58,00,1618b9ffffffffffffff
530677434,20,02,62,6,52000a57,00,15151418171720ffffff
530677440,20,02,46,6,52000a55,00,ffffff9c214ffffffdff
530677622,20,02,d1,6,52000a58,00,1618b9ffffffffffffff
530677606,20,02,a5,6,52000a57,00,15151418151726ffffff
530677741,20,02,b9,6,52000a55,00,ffffff9e224efffffdff
530677622,20,02,d1,6,52000a58,00,1618b9ffffffffffffff
530678015,20,02,43,6,52000a57,00,1515141a14171effffff
530678042,20,02,2c,6,52000a55,00,ffffff9c224efffffdff
530678336,20,02,ea,6,52000a58,00,1618bbffffffffffffff
530678343,20,02,c2,6,52000a57,00,1515141815171effffff
530678342,20,02,9f,6,52000a55,00,ffffff9d2250fffffdff
530678541,20,02,3b,6,52000a58,00,1618baffffffffffffff
530678358,20,02,c8,6,52000a57,00,1515141815171effffff
530678642,20,02,12,6,52000a55,00,ffffff9d224efffffdff
530678930,20,02,d4,6,52000a58,00,1619f0ffffffffffffff
530678915,20,02,a0,6,52000a57,00,1515142315171effffff
530678943,20,02,85,6,52000a55,00,ffffff9c224efffffdff
530679232,20,02,4b,6,52000a58,00,1519edffffffffffffff
530678915,20,02,a0,6,52000a57,00,1515142315171effffff
530679243,20,02,f8,6,52000a55,00,ffffff9d234efffffdff
530679471,20,02,a9,6,52000a58,00,161afeffffffffffffff
530679496,20,02,81,6,52000a57,00,1515141715171fffffff
530679543,20,02,6b,6,52000a55,00,ffffff9d224efffffdff
530679778,20,02,22,6,52000a58,00,161affffffffffffffff
530679824,20,02,00,6,52000a57,00,1515141815171effffff
530679844,20,02,de,6,52000a55,00,ffffff9d224efffffdff
530680051,20,02,8d,6,52000a58,00,1519fcffffffffffffff
530680137,20,02,79,6,52000a57,00,1515141715171effffff
530680144,20,02,51,6,52000a55,00,ffffff9d224efffffdff
530680251,20,02,dc,6,52000a58,00,1619faffffffffffffff
530680439,20,02,ee,6,52000a57,00,1515141715171effffff
530680445,20,02,c4,6,52000a55,00,ffffff9d214dfffffdff
530680663,20,02,7e,6,52000a58,00,161affffffffffffffff
530680744,20,02,64,6,52000a57,00,1515141715171effffff
530680746,20,02,37,6,52000a55,00,ffffff9d214dfffffdff
530680899,20,02,db,6,52000a58,00,1618beffffffffffffff
530680919,20,02,a8,6,52000a57,00,1515141716181effffff
530681046,20,02,aa,6,52000a55,00,ffffff9c224efffffdff
530681194,20,02,4f,6,52000a58,00,1618c1ffffffffffffff
530681322,20,02,44,6,52000a57,00,1515141815171effffff
530681346,20,02,1d,6,52000a55,00,ffffff9d224efffffdff
530681638,20,02,fe,6,52000a58,00,1618c2ffffffffffffff
530681601,20,02,b0,6,52000a57,00,1515141615171effffff
530681649,20,02,91,6,52000a55,00,ffffff9d204efffffdff
530681742,20,02,27,6,52000a58,00,1618caffffffffffffff
530681903,20,02,25,6,52000a57,00,1515141915171effffff
530681950,20,02,04,6,52000a55,00,ffffff9c224efffffdff
530682161,20,02,cc,6,52000a58,00,1518cfffffffffffffff
530682221,20,02,a0,6,52000a57,00,1515141815171effffff
530682250,20,02,77,6,52000a55,00,ffffff9c214dfffffdff
530682446,20,02,3c,6,52000a58,00,1618beffffffffffffff
530682538,20,02,1b,6,52000a57,00,1515141615171effffff
530682551,20,02,ea,6,52000a55,00,ffffff9c214efffffdff
530682827,20,02,d2,6,52000a58,00,1618bcffffffffffffff
530682804,20,02,82,6,52000a57,00,1515151715171effffff
530682851,20,02,5d,6,52000a55,00,ffffff9c224efffffdff
530683098,20,02,3d,6,52000a58,00,1618c6ffffffffffffff
530683125,20,02,fe,6,52000a57,00,1515141715171effffff
530683152,20,02,d0,6,52000a55,00,ffffff9c214efffffdff
530683423,20,02,bd,6,52000a58,00,1618d8ffffffffffffff
530683437,20,02,77,6,52000a57,00,1515141615171effffff
530683452,20,02,43,6,52000a55,00,ffffff9c224efffffdff
530683596,20,02,01,6,52000a58,00,1618bbffffffffffffff
530683742,20,02,ed,6,52000a57,00,1515141715171effffff
530683752,20,02,b6,6,52000a55,00,ffffff9c214efffffdff
530684023,20,02,a9,6,52000a58,00,1618bdffffffffffffff
530684049,20,02,64,6,52000a57,00,1515141915171effffff
530684053,20,02,29,6,52000a55,00,ffffff9c214efffffdff
530684137,20,02,86,4,52000a53,00,1916156247829d54ffff
530684134,20,02,76,4,52000a52,00,ffffffe24aad73ffe4ff
530684137,20,01,3d,4,52000a51,00,f3ffffffffffffffefff
530684103,20,02,1d,4,52000a50,00,fff7ffb0a5edffff65ff
530684137,20,01,09,4,52000a4f,00,101210103a2051fff1ff
530684137,20,02,86,4,52000a53,00,1916156247829d54ffff
530684134,20,02,76,4,52000a52,00,ffffffe24aad73ffe4ff
530684137,20,01,3d,4,52000a51,00,f3ffffffffffffffefff
530684103,20,02,1d,4,52000a50,00,fff7ffb0a5edffff65ff
530684137,20,01,09,4,52000a4f,00,101210103a2051fff1ff
530684338,20,02,25,6,52000a58,00,1618bfffffffffffffff
530684353,20,02,da,6,52000a57,00,1515141615171effffff
530684353,20,02,9c,6,52000a55,00,ffffff9c214dfffffdff
530684338,20,02,25,6,52000a58,00,1618bfffffffffffffff
530684617,20,02,40,6,52000a57,00,15151416151720ffffff
530684654,20,02,0f,6,52000a55,00,ffffff9c224dfffffdff
530684706,20,02,b6,6,52000a58,00,1618c5ffffffffffffff
530684945,20,02,bf,6,52000a57,00,1515143015171effffff
530684954,20,02,82,6,52000a55,00,ffffff9d214dfffffdff
530685237,20,02,87,6,52000a58,00,1619ddffffffffffffff
530685237,20,02,30,6,52000a57,00,1515141915171effffff
530685255,20,02,f5,6,52000a55,00,ffffff9c224dfffffdff
530685356,20,02,b6,6,52000a58,00,1618caffffffffffffff
530685538,20,02,a5,6,52000a57,00,c415141615171effffff
530685555,20,02,68,6,52000a55,00,ffffff9c214efffffdff
530685572,20,02,0b,6,52000a58,00,1618c3ffffffffffffff
530685758,20,02,fa,6,52000a57,00,1515141515171effffff
530685856,20,02,db,6,52000a55,00,ffffff9c214dfffffdff
530685867,20,02,7f,6,52000a58,00,1618bfffffffffffffff
530686099,20,02,7e,6,52000a57,00,1515141515181fffffff
530686156,20,02,4e,6,52000a55,00,ffffff9c214dfffffdff
530685867,20,02,7f,6,52000a58,00,1618bfffffffffffffff
530686236,20,02,b3,6,52000a57,00,1515141415171fffffff
530686456,20,02,c1,6,52000a55,00,ffffff9d214dfffffdff
530686715,20,02,cd,6,52000a58,00,1618beffffffffffffff
530686236,20,02,b3,6,52000a57,00,1515141415171fffffff
530686757,20,02,34,6,52000a55,00,ffffff9c214efffffdff
530686715,20,02,cd,6,52000a58,00,1618beffffffffffffff
530687049,20,02,ee,6,52000a57,00,1515141415171effffff
530687057,20,02,a7,6,52000a55,00,ffffff9d204dfffffeff
530687292,20,02,b0,6,52000a58,00,1518beffffffffffffff
530687315,20,02,55,6,52000a57,00,1515141415171effffff
530687358,20,02,1a,6,52000a55,00,ffffff9c214dfffffeff
530687599,20,02,29,6,52000a58,00,1618c0ffffffffffffff
530687656,20,02,d9,6,52000a57,00,15151415151720ffffff
530687658,20,02,8d,6,52000a55,00,ffffff9c204dfffffeff
530687881,20,02,98,6,52000a58,00,1618d5ffffffffffffff
530687932,20,02,44,6,52000a57,00,1515141515171effffff
530687959,20,02,00,6,52000a55,00,ffffff9d214efffffeff
530688082,20,02,e7,6,52000a58,00,1618bdffffffffffffff
530688113,20,02,8a,6,52000a57,00,1515141515171effffff
530688259,20,02,73,6,52000a55,00,ffffff9c214dfffffeff
530688559,20,02,a3,6,52000a58,00,1618c0ffffffffffffff
530688526,20,02,2a,6,52000a57,00,1515141615171effffff
530688560,20,02,e6,6,52000a55,00,ffffff9c214dfffffeff
530688626,20,02,bd,6,52000a58,00,1618ccffffffffffffff
530688823,20,02,9d,6,52000a57,00,1515141515171effffff
530688860,20,02,59,6,52000a55,00,ffffff9c214dfffffeff
530689123,20,02,81,6,52000a58,00,1618beffffffffffffff
530689122,20,02,11,6,52000a57,00,1515141515171effffff
530689160,20,02,cc,6,52000a55,00,ffffff9d214dfffffeff
530689431,20,02,fa,6,52000a58,00,1518beffffffffffffff
530689430,20,02,88,6,52000a57,00,1515141515171effffff
530689461,20,02,3f,6,52000a55,00,ffffff9c214dfffffeff
530689748,20,02,77,6,52000a58,00,1618c0ffffffffffffff
530689559,20,02,ba,6,52000a57,00,1515141515171effffff
530689764,20,02,b3,6,52000a55,00,ffffff9c204efffffeff
530690058,20,02,f1,6,52000a58,00,1618bfffffffffffffff
530689559,20,02,ba,6,52000a57,00,1515141515171effffff
530690062,20,02,25,6,52000a55,00,ffffff9c214dfffffeff
530690101,20,02,02,6,52000a58,00,1618bfffffffffffffff
530690284,20,02,d3,6,52000a57,00,1515141715171effffff
530690365,20,02,99,6,52000a55,00,ffffff9c214dfffffeff
530690652,20,02,db,6,52000a58,00,1618bcffffffffffffff
530690504,20,02,28,6,52000a57,00,1515141515171fffffff
530690665,20,02,0c,6,52000a55,00,ffffff9c214dfffffeff
530690790,20,02,11,6,52000a58,00,1618bdffffffffffffff
530690716,20,02,7a,6,52000a57,00,1515141415171fffffff
530690966,20,02,7f,6,52000a55,00,ffffff9c204dfffffeff
530691265,20,02,cc,6,52000a58,00,1618c0ffffffffffffff
530691082,20,02,08,6,52000a57,00,1515141f1518bbffffff
530691266,20,02,f2,6,52000a55,00,ffffff9c214dfffffeff
530691519,20,02,30,6,52000a58,00,1618bfffffffffffffff
530691493,20,02,a7,6,52000a57,00,1515141715171effffff
530691567,20,02,65,6,52000a55,00,ffffff9c214dfffffeff
530691851,20,02,b3,6,52000a58,00,1618bdffffffffffffff
530691792,20,02,1b,6,52000a57,00,1515151615171effffff
530691867,20,02,d8,6,52000a55,00,ffffff9c214dfffffeff
530692131,20,02,21,6,52000a58,00,1618beffffffffffffff
530692069,20,02,86,6,52000a57,00,1515141615171fffffff
530692168,20,02,4b,6,52000a55,00,ffffff9c204dfffffeff
530692469,20,02,a6,6,52000a58,00,1618c0ffffffffffffff
530692449,20,02,19,6,52000a57,00,1515141615171fffffff
530692468,20,02,be,6,52000a55,00,ffffff9c204dfffffeff
530692690,20,02,fd,6,52000a58,00,1618bdffffffffffffff
530692725,20,02,84,6,52000a57,00,1515141615171effffff
530692769,20,02,31,6,52000a55,00,ffffff9c214dfffffeff
530693060,20,02,8f,6,52000a58,00,1518c0ffffffffffffff
530692725,20,02,84,6,52000a57,00,1515141615171effffff
530693069,20,02,a4,6,52000a55,00,ffffff9c204dfffffeff
530693363,20,02,06,6,52000a58,00,1518caffffffffffffff
530692725,20,02,84,6,52000a57,00,1515141615171effffff
530693370,20,02,17,6,52000a55,00,ffffff9c204efffffeff
530693655,20,02,79,6,52000a58,00,1518b9ffffffffffffff
530693626,20,02,e1,6,52000a57,00,151514143c171fffffff
530693670,20,02,8a,6,52000a55,00,ffffff9c204cfffffeff
530693944,20,02,eb,6,52000a58,00,1518bcffffffffffffff
530693964,20,02,64,6,52000a57,00,1515141914171effffff
530693970,20,02,fd,6,52000a55,00,ffffff9c204dfffffeff
530694227,20,02,5a,6,52000a58,00,1518bcffffffffffffff
530693972,20,02,67,6,52000a57,00,1515141914171effffff
530694271,20,02,70,6,52000a55,00,ffffff9c204efffffeff
530694541,20,02,d6,6,52000a58,00,1517b9ffffffffffffff
530694548,20,02,46,6,52000a57,00,1515141415171efffffc
530694571,20,02,e3,6,52000a55,00,ffffff9c204dfffffefe
530694866,20,02,56,6,52000a58,00,1517b9ffffffffffffff
530694858,20,02,be,6,52000a57,00,1514141415171efffffc
530694872,20,02,56,6,52000a55,00,ffffff9c204cfffffefe
530695164,20,02,cb,6,52000a58,00,1517b5ffffffffffffff
530695168,20,02,36,6,52000a57,00,1514141715171ffffffa
530695172,20,02,c9,6,52000a55,00,ffffff9b204dfffffefd
530695471,20,02,44,6,52000a58,00,1517b8ffffffffffffff
530695462,20,02,a8,6,52000a57,00,1514141415171efffff7
530695473,20,02,3c,6,52000a55,00,ffffff9c204dfffffefc
530695471,20,02,44,6,52000a58,00,1517b8ffffffffffffff
530695462,20,02,a8,6,52000a57,00,1514141415171efffff7
530695473,20,02,3c,6,52000a55,00,ffffff9c204dfffffefc
530695745,20,02,b0,6,52000a58,00,1517b5ffffffffffffff
530695775,20,02,21,6,52000a57,00,1514141415171efffff8
530695789,20,02,b5,6,52000a55,00,ffffff9c204dfffffefc
530696014,20,02,1a,6,52000a58,00,1516b6ffffffffffffff
530696020,20,02,80,6,52000a57,00,1414141515171efffff2
530696089,20,02,28,6,52000a55,00,ffffff9c214cfffffefa
530696014,20,02,1a,6,52000a58,00,1516b6ffffffffffffff
530696322,20,02,f5,6,52000a57,00,1414141515171ffffff2
530696390,20,02,9b,6,52000a55,00,ffffff9c204dfffffefa
530696553,20,02,ee,6,52000a58,00,1516bdffffffffffffff
530696575,20,02,57,6,52000a57,00,1414141415171efffff2
530696690,20,02,0e,6,52000a55,00,ffffff9c204dfffffef9
530696980,20,02,96,6,52000a58,00,1516bdffffffffffffff
530696950,20,02,e8,6,52000a57,00,1414141415171efffff2
530696991,20,02,81,6,52000a55,00,ffffff9c204cfffffefa
530697156,20,02,4b,5,52000ad0,00,0e101010101010107cfd
530697156,20,02,62,5,52000a5f,00,100e0e0d0d110f11ff07
530697279,20,02,0c,6,52000a58,00,1516c7ffffffffffffff
530697270,20,02,64,6,52000a57,00,1414141415181efffff2
530697291,20,02,f4,6,52000a55,00,ffffff9c204cfffffefa
530697457,20,02,c6,5,52000ad0,00,0d1010101010101085fe
530697458,20,02,de,5,52000a5f,00,100e0e0e0d110f11ff07
530697521,20,02,6b,6,52000a58,00,1516bbffffffffffffff
530697270,20,02,64,6,52000a57,00,1414141415181efffff2
530697592,20,02,67,6,52000a55,00,ffffff9c204cfffffefa
530697759,20,02,42,5,52000ad0,00,0d1010101010101086fe
530697758,20,02,59,5,52000a5f,00,1110100f0e111013ff09
530697683,20,02,ab,6,52000a58,00,1415a8fffffffffffffe
530697603,20,02,e5,6,52000a57,00,1414131515171efffff0
530697892,20,02,da,6,52000a55,00,ffffff9c204cfffffef7
530698059,20,02,bd,5,52000ad0,00,0d1010101010101086fe
530698058,20,02,d4,5,52000a5f,00,121111100f121013ff0b
530698069,20,02,43,6,52000a58,00,1415abfffffffffffffe
530697603,20,02,e5,6,52000a57,00,1414131515171efffff0
530698192,20,02,4d,6,52000a55,00,ffffff9c204cfffffef5
530698360,20,02,38,5,52000ad0,00,0d1010101010101085fe
530698358,20,02,4f,5,52000a5f,00,100e0e0d0d110f11ff07
530698486,20,02,e7,6,52000a58,00,1415acfffffffffffffe
530698259,20,02,e3,6,52000a57,00,1413131414171effffe5
530698493,20,02,c0,6,52000a55,00,ffffff9b204cfffffef3
530698660,20,02,b3,5,52000ad0,00,0d1010101010101085fe
530698661,20,02,cb,5,52000a5f,00,0f0d0d0c0d100f10ff06
530698791,20,02,5f,6,52000a58,00,1414b0fffffffffffffe
530698259,20,02,e3,6,52000a57,00,1413131414171effffe5
530698793,20,02,33,6,52000a55,00,ffffff9b204cfffffef2
530698962,20,02,2f,5,52000ad0,00,0d1010101010101185fe
530698961,20,02,46,5,52000a5f,00,0f0d0d0c0c100f10ff06
530699091,20,02,d5,6,52000a58,00,1415bffffffffffffffe
530698259,20,02,e3,6,52000a57,00,1413131414171effffe5
530699094,20,02,a6,6,52000a55,00,ffffff9e204cfffffef4
530699263,20,02,aa,5,52000ad0,00,0d1010101010101082fe
530699263,20,02,c2,5,52000a5f,00,0f0d0d0c0c100f10ff06
530699380,20,02,47,6,52000a58,00,1415c1fffffffffffffe
530698259,20,02,e3,6,52000a57,00,1413131414171effffe5
530699394,20,02,19,6,52000a55,00,ffffff9c204cfffffef4
530699563,20,02,25,5,52000ad0,00,0d1010101010101082fb
530699564,20,02,3d,5,52000a5f,00,0f0d0d0c0c100f10ff06
530699695,20,02,c3,6,52000a58,00,1415b9fffffffffffffe
530698259,20,02,e3,6,52000a57,00,1413131414171effffe5
530699695,20,02,8c,6,52000a55,00,ffffff9b204cfffffef4
530699863,20,02,a0,5,52000ad0,00,0d101010101010107ffb
530699864,20,02,b8,5,52000a5f,00,0f0c0c0c0c100f10ff06
530699980,20,02,33,6,52000a58,00,1415b4fffffffffffffe
530698259,20,02,e3,6,52000a57,00,1413131414171effffe5
530699995,20,02,ff,6,52000a55,00,ffffff9c214cfffffef5
530700165,20,02,1c,5,52000ad0,00,0d101010101010107dfb
530700164,20,02,33,5,52000a5f,00,0f0c0c0c0c100e10ff06
530700269,20,02,a5,6,52000a58,00,1414a4fffffffffffffe
530700180,20,02,cb,6,52000a57,00,1413131414171effffe0
530700296,20,02,72,6,52000a55,00,ffffff9b204cfffffef1
530700466,20,02,97,5,52000ad0,00,0d101010101010107cfb
530700466,20,02,af,5,52000a5f,00,0e0c0b0b0b100e10ff05
530700401,20,02,d9,6,52000a58,00,131493fffffffffffffd
530700180,20,02,cb,6,52000a57,00,1413131414171effffe0
530700596,20,02,e5,6,52000a55,00,ffffff9c204dfffffeee
530700766,20,02,12,5,52000ad0,00,0d101010101010107bfb
530700766,20,02,2a,5,52000a5f,00,100e0d0d0c111012ff06
530700894,20,02,9b,6,52000a58,00,131380fffffffffffffd
530700180,20,02,cb,6,52000a57,00,1413131414171effffe0
530700896,20,02,58,6,52000a55,00,ffffff9c204cfffffeec
530701066,20,02,8d,5,52000ad0,00,0d101010101010107bfb
530701067,20,02,a5,5,52000a5f,00,0f0d0d0d0c111012ff06
530701163,20,02,05,6,52000a58,00,13148dfffffffffffffd
530701081,20,02,28,6,52000a57,00,1313121414171effffd3
530701197,20,02,cb,6,52000a55,00,ffffff9b204cfffffeef
530701357,20,02,04,5,52000ad0,00,0d101010101010117bfb
530701369,20,02,21,5,52000a5f,00,0c0a0a0a0a0f0e0fff04
530701481,20,02,82,6,52000a58,00,131491fffffffffffffd
530701081,20,02,28,6,52000a57,00,1313121414171effffd3
530701497,20,02,3e,6,52000a55,00,ffffff9c204cfffffeed
530701669,20,02,84,5,52000ad0,00,0d101010101010107bfb
530701669,20,02,9c,5,52000a5f,00,0c0a0a0a090f0d0dff04
530701783,20,02,f9,6,52000a58,00,13138bfffffffffffffd
530701081,20,02,28,6,52000a57,00,1313121414171effffd3
530701798,20,02,b1,6,52000a55,00,ffffff9b204cfffffeea
530701969,20,02,ff,5,52000ad0,00,0d101010101010107bfb
530701969,20,02,17,5,52000a5f,00,0c0a0a08040b0e0cff01
530702045,20,02,60,6,52000a58,00,13138bfffffffffffffd
530701081,20,02,28,6,52000a57,00,1313121414171effffd3
530702101,20,02,25,6,52000a55,00,ffffff9c204cfffffeec
530702269,20,02,7a,5,52000ad0,00,0d101010101010107bfb
530702271,20,02,93,5,52000a5f,00,0c050408080e0e0dff04
530702392,20,02,e9,6,52000a58,00,131383fffffffffffffc
530701081,20,02,28,6,52000a57,00,1313121414171effffd3
530702401,20,02,98,6,52000a55,00,ffffff9c1f4bfffffee8
530702695,20,02,60,6,52000a58,00,131380fffffffffffffc
530701081,20,02,28,6,52000a57,00,1313121414171effffd3
530702701,20,02,0b,6,52000a55,00,ffffff9b204cfffffee6
530702992,20,02,d5,6,52000a58,00,13138ffffffffffffffd
530701081,20,02,28,6,52000a57,00,1313121414171effffd3
530703002,20,02,7e,6,52000a55,00,ffffff9c204bfffffeea
530703292,20,02,4b,6,52000a58,00,131496fffffffffffffd
530701081,20,02,28,6,52000a57,00,1313121414171effffd3
530703302,20,02,f1,6,52000a55,00,ffffff9b204bfffffeec
530703596,20,02,c3,6,52000a58,00,1314a5fffffffffffffd
530701081,20,02,28,6,52000a57,00,1313121414171effffd3
530703603,20,02,64,6,52000a55,00,ffffff9d204bfffffeef
530703901,20,02,3b,6,52000a58,00,13137bfffffffffffffc
530701081,20,02,28,6,52000a57,00,1313121414171effffd3
530703903,20,02,d7,6,52000a55,00,ffffff9c204bfffffee7
530704170,20,02,a5,6,52000a58,00,13137dfffffffffffffc
530701081,20,02,28,6,52000a57,00,1313121414171effffd3
530704203,20,02,4a,6,52000a55,00,ffffff9c1f4cfffffee6
530704503,20,02,28,6,52000a58,00,13126efffffffffffffc
530704456,20,02,43,6,52000a57,00,1212111314171effffb9
530704504,20,02,bd,6,52000a55,00,ffffff9b204bfffffee4
530704787,20,02,98,6,52000a58,00,12126dfffffffffffffb
530704691,20,02,9e,6,52000a57,00,1211111314171effffa9
530704804,20,02,30,6,52000a55,00,ffffff9b1f4bfffffee2
530705034,20,02,f9,6,52000a58,00,131382fffffffffffffc
530704691,20,02,9e,6,52000a57,00,1211111314171effffa9
530705105,20,02,a3,6,52000a55,00,ffffff9c1f4cfffffee4
530705407,20,02,8c,6,52000a58,00,13149ffffffffffffffd
530704691,20,02,9e,6,52000a57,00,1211111314171effffa9
530705405,20,02,16,6,52000a55,00,ffffff9b1f4bfffffeea
530705648,20,02,eb,6,52000a58,00,131493fffffffffffffc
530705693,20,02,22,6,52000a57,00,1212111314171effffb2
530705706,20,02,89,6,52000a55,00,ffffff9b1f4bfffffeed
530705909,20,02,f0,4,52000a53,00,11100f10121a5330ff8f
530705911,20,02,e2,4,52000a52,00,eefc5c95187e5affe90b
530705847,20,01,e1,4,52000a51,00,f8fffffffffffffff3f8
530705770,20,02,4b,4,52000a50,00,613dff8476eed8ff65ff
530705911,20,01,d6,4,52000a4f,00,0e100e0e14161cfff4ce
530705986,20,02,70,6,52000a58,00,13137afffffffffffffc
530705871,20,02,67,6,52000a57,00,1212111414171effffad
530706006,20,02,fc,6,52000a55,00,ffffff9c1f4bfffffee6
530706308,20,02,ef,6,52000a58,00,131387fffffffffffffc
530706276,20,02,04,6,52000a57,00,1212111414171effffb4
530706306,20,02,6f,6,52000a55,00,ffffff9c1f4bfffffee6
530706606,20,02,64,6,52000a58,00,1414a9fffffffffffffd
530706276,20,02,04,6,52000a57,00,1212111414171effffb4
530706607,20,02,e2,6,52000a55,00,ffffff9c204bfffffeea
530706890,20,02,d4,6,52000a58,00,1415a6fffffffffffffd
530706875,20,02,ec,6,52000a57,00,1211111414171effffaf
530706910,20,02,56,6,52000a55,00,ffffff9b1f4affffffed
530706971,20,02,f4,6,52000a58,00,141495fffffffffffffd
530706943,20,02,06,6,52000a57,00,1211111414171dffffab
530707210,20,02,c9,6,52000a55,00,ffffff9b1f4cffffffeb
530707482,20,02,bd,6,52000a58,00,13148ffffffffffffffd
530706943,20,02,06,6,52000a57,00,1211111414171dffffab
530707510,20,02,3c,6,52000a55,00,ffffff9b1f4affffffeb
530707799,20,02,3a,6,52000a58,00,131372fffffffffffffc
530706943,20,02,06,6,52000a57,00,1211111414171dffffab
530707811,20,02,af,6,52000a55,00,ffffff9c1f4afffffee6
530708079,20,02,a8,6,52000a58,00,1415a3fffffffffffffe
530708068,20,02,ba,6,52000a57,00,1111101314171effff9d
530708111,20,02,22,6,52000a55,00,ffffff9b1f4cfffffff0
530708287,20,02,fa,6,52000a58,00,131384fffffffffffffc
530708068,20,02,ba,6,52000a57,00,1111101314171effff9d
530708411,20,02,95,6,52000a55,00,ffffff9c1f4bffffffe7
530708700,20,02,9d,6,52000a58,00,121261fffffffffffffa
530708703,20,02,b0,6,52000a57,00,1111101314171effff8b
530708711,20,02,08,6,52000a55,00,ffffff9b1f4affffffdf
530708876,20,02,e2,6,52000a58,00,121267fffffffffffffa
530708714,20,02,b4,6,52000a57,00,1111101314171effff8b
530709012,20,02,7b,6,52000a55,00,ffffff9c1f4bffffffd9
530709289,20,02,85,6,52000a58,00,12125efffffffffffffb
530708714,20,02,b4,6,52000a57,00,1111101314171effff8b
530709313,20,02,ee,6,52000a55,00,ffffff9a1f4affffffe2
530709615,20,02,05,6,52000a58,00,12125bfffffffffffffa
530709527,20,02,ef,6,52000a57,00,1111111314171effff94
530709613,20,02,61,6,52000a55,00,ffffff9c1e4bffffffdb
530709914,20,02,7b,6,52000a58,00,121246fffffffffffffa
530709633,20,02,18,6,52000a57,00,1111111414171fffff8d
530709911,20,02,d3,6,52000a55,00,ffffff9c1f4affffffd6
530710209,20,02,ef,6,52000a58,00,111126fffffffffffff9
530710139,20,02,dc,6,52000a57,00,100f0f1214161effff41
530710213,20,02,47,6,52000a55,00,ffffff9b1f4affffffd0
530710511,20,02,66,6,52000a58,00,11112efffffffffffff8
530710394,20,02,3f,6,52000a57,00,1010101314161effff62
530710514,20,02,ba,6,52000a55,00,ffffff9d1f4affffffcf
530710816,20,02,de,6,52000a58,00,12126efffffffffffffb
530710774,20,02,d2,6,52000a57,00,1110101314161dffff7d
530710817,20,02,2e,6,52000a55,00,ffffff9c1f4affffffe4
530711097,20,02,4d,6,52000a58,00,1517d0ffffffffffffff
530711019,20,02,31,6,52000a57,00,1111111314171effffae
530711117,20,02,a1,6,52000a55,00,ffffff9b1f4bfffffff7
530711384,20,02,be,6,52000a58,00,1415aafffffffffffffe
530711331,20,02,aa,6,52000a57,00,10100f1313161dffff6a
530711418,20,02,14,6,52000a55,00,ffffff9b1f49fffffff8
530711717,20,02,41,6,52000a58,00,1416bafffffffffffffe
530711716,20,02,3f,6,52000a57,00,1212111414171effffc2
530711718,20,02,87,6,52000a55,00,ffffff9c1f4afffffff7
530712014,20,02,b6,6,52000a58,00,131491fffffffffffffc
530712000,20,02,ad,6,52000a57,00,1111111314171effff95
530712018,20,02,fa,6,52000a55,00,ffffff9b1f4afffffff2
530712314,20,02,2c,6,52000a58,00,1315befffffffffffffd
530712271,20,02,16,6,52000a57,00,1111101314171effff95
530712318,20,02,6d,6,52000a55,00,ffffff9a1e4bffffffec
530712618,20,02,a4,6,52000a58,00,1315cbfffffffffffffe
530712537,20,02,7d,6,52000a57,00,1111101314171effff9a
530712619,20,02,e0,6,52000a55,00,ffffff9b1f4affffffee
530712918,20,02,1a,6,52000a58,00,1415c4fffffffffffffe
530712914,20,02,0f,6,52000a57,00,0f0f0f1213161dffff42
530712919,20,02,53,6,52000a55,00,ffffff9c1e4bffffffed
530713218,20,02,90,6,52000a58,00,1416d5fffffffffffffe
530713221,20,02,86,6,52000a57,00,1211111414171effffaa
530713219,20,02,c6,6,52000a55,00,ffffff9b1e4afffffff6
530713502,20,02,00,6,52000a58,00,1417dffffffffffffffe
530713448,20,02,de,6,52000a57,00,1211111414171effffa4
530713520,20,02,39,6,52000a55,00,ffffff9b1f4afffffff9
530713822,20,02,7e,6,52000a58,00,121166fffffffffffff9
530713737,20,02,4e,6,52000a57,00,1111101414171effff87
530713820,20,02,ac,6,52000a55,00,ffffff9b1e4affffffe0
530714119,20,02,f3,6,52000a58,00,1316e2fffffffffffffe
530713897,20,02,8c,6,52000a57,00,0e0e0e1213151dffff0c
530714121,20,02,1f,6,52000a55,00,ffffff9b1f49fffffff4
530714423,20,02,6b,6,52000a58,00,1517e5fffffffffffffe
530714390,20,02,4b,6,52000a57,00,1312121414171effffd3
530714421,20,02,92,6,52000a55,00,ffffff9b1e4afffffffb
530714718,20,02,df,6,52000a58,00,1417d3ffffffffffffff
530714646,20,02,ae,6,52000a57,00,1212121414171effffcd
530714724,20,02,06,6,52000a55,00,ffffff9b1e4afffffffa
530715023,20,02,57,6,52000a58,00,1517d9ffffffffffffff
530714813,20,02,ef,6,52000a57,00,1212121414171effffc9
530715024,20,02,79,6,52000a55,00,ffffff9b1e49fffffffa
530715320,20,02,cc,6,52000a58,00,1517d6fffffffffffffe
530715309,20,02,af,6,52000a57,00,1312121414161effffd1
530715324,20,02,ec,6,52000a55,00,ffffff9b1f49fffffff9
530715622,20,02,43,6,52000a58,00,131394fffffffffffffc
530715348,20,02,be,6,52000a57,00,1312121414161effffd1
530715624,20,02,5f,6,52000a55,00,ffffff9b1e49fffffff0
530715924,20,02,ba,6,52000a58,00,121291fffffffffffffb
530715926,20,02,9e,6,52000a57,00,1110101314161effff89
530715925,20,02,d2,6,52000a55,00,ffffff9b1e4affffffdb
530716226,20,02,31,6,52000a58,00,111139fffffffffffff7
530715926,20,02,9e,6,52000a57,00,1110101314161effff89
530716225,20,02,45,6,52000a55,00,ffffff9a1e49ffffffd0
530716526,20,02,a7,6,52000a58,00,111133fffffffffffff9
530716483,20,02,76,6,52000a57,00,0e0e0e1213151cffff0c
530716526,20,02,b8,6,52000a55,00,ffffff9a1e49ffffffd1
530716827,20,02,1e,6,52000a58,00,111155fffffffffffffc
530716736,20,02,d8,6,52000a57,00,0f0e0e1113151dffff11
530716826,20,02,2b,6,52000a55,00,ffffff9b1e49ffffffe5
530717127,20,02,94,6,52000a58,00,1416bdfffffffffffffe
530717108,20,02,68,6,52000a57,00,0f0f0e1213151dffff25
530717126,20,02,9e,6,52000a55,00,ffffff9a1e48fffffff3
530717424,20,02,09,6,52000a58,00,1416c7ffffffffffffff
530717348,20,02,c5,6,52000a57,00,0f0f0e1213151dffff1f
530717427,20,02,11,6,52000a55,00,ffffff9a1e4afffffff5
530717729,20,02,81,6,52000a58,00,1416c6ffffffffffffff
530717665,20,02,40,6,52000a57,00,0f0f0e1213161dffff2e
530717727,20,02,84,6,52000a55,00,ffffff9a1e49fffffff5
530718028,20,02,f7,6,52000a58,00,1416c6ffffffffffffff
530718019,20,02,c9,6,52000a57,00,0f0f0e1213161dffff33
530718027,20,02,f7,6,52000a55,00,ffffff9a1e49fffffff7
530718325,20,02,6c,6,52000a58,00,1414aeffffffffffffff
530718238,20,02,1e,6,52000a57,00,0f0f0e1213161dffff2f
530718330,20,02,6b,6,52000a55,00,ffffff9b1e49fffffff3
530718630,20,02,e4,6,52000a58,00,1416ccffffffffffffff
530718455,20,02,72,6,52000a57,00,0f0f0f1213161dffff40
530718630,20,02,de,6,52000a55,00,ffffff9b1e49fffffff7
530718930,20,02,5a,6,52000a58,00,1416cbffffffffffffff
530718664,20,02,c3,6,52000a57,00,0f0f0e1213161dffff35
530718930,20,02,51,6,52000a55,00,ffffff9b1e49fffffff7
530719231,20,02,d1,6,52000a58,00,1416c8ffffffffffffff
530719048,20,02,58,6,52000a57,00,0f0f0e1213161dffff32
530719231,20,02,c4,6,52000a55,00,ffffff9a1e48fffffff5
530719531,20,02,47,6,52000a58,00,13139afffffffffffffe
530719526,20,02,11,6,52000a57,00,0f0f0e1113161dffff1e
530719531,20,02,37,6,52000a55,00,ffffff9b1e49fffffff6
530719831,20,02,bd,6,52000a58,00,13127bfffffffffffffd
530719825,20,02,85,6,52000a57,00,1313121414171effffde
530719832,20,02,aa,6,52000a55,00,ffffff9b1e49fffffff4
530720133,20,02,34,6,52000a58,00,1517dfffffffffffffff
530720065,20,02,e2,6,52000a57,00,1313121414171effffdf
530720132,20,02,1d,6,52000a55,00,ffffff9a1e48fffffff4
530720432,20,02,aa,6,52000a58,00,1518dcffffffffffffff
530720065,20,02,e2,6,52000a57,00,1313121414171effffdf
530720432,20,02,90,6,52000a55,00,ffffff9a1e48fffffffb
530720732,20,02,20,6,52000a58,00,1517d4ffffffffffffff
530720651,20,02,c5,6,52000a57,00,1313121314171effffdc
530720733,20,02,03,6,52000a55,00,ffffff9a1e48fffffff9
530721034,20,02,97,6,52000a58,00,1517d7ffffffffffffff
530721017,20,02,53,6,52000a57,00,1312121414171effffd2
530721033,20,02,76,6,52000a55,00,ffffff9a1e48fffffffa
530721321,20,02,08,6,52000a58,00,1517daffffffffffffff
530721017,20,02,53,6,52000a57,00,1312121414171effffd2
530721333,20,02,e9,6,52000a55,00,ffffff9a1e49fffffffb
530721635,20,02,84,6,52000a58,00,1518e5ffffffffffffff
530721631,20,02,41,6,52000a57,00,1413131414171effffe7
530721633,20,02,5c,6,52000a55,00,ffffff9a1f4afffffffd
530721935,20,02,fa,6,52000a58,00,1518dcffffffffffffff
530721936,20,02,b7,6,52000a57,00,1313121414171effffdf
530721934,20,02,cf,6,52000a55,00,ffffff9a1e49fffffffd
530722235,20,02,70,6,52000a58,00,1518daffffffffffffff
530722230,20,02,29,6,52000a57,00,1111101314171effffa9
530722237,20,02,43,6,52000a55,00,ffffff9a1e48fffffffa
530722491,20,02,d5,6,52000a58,00,1518dcffffffffffffff
530722230,20,02,29,6,52000a57,00,1111101314171effffa9
530722537,20,02,b6,6,52000a55,00,ffffff9a1e48fffffffa
530722727,20,02,32,6,52000a58,00,1518daffffffffffffff
530722774,20,02,fc,6,52000a57,00,1212111414171effffc5
530722838,20,02,29,6,52000a55,00,ffffff9b1e49fffffffc
530723139,20,02,d4,6,52000a58,00,1517cbffffffffffffff
530722774,20,02,fc,6,52000a57,00,1212111414171effffc5
530723138,20,02,9c,6,52000a55,00,ffffff9a1e48fffffffb
530723430,20,02,47,6,52000a58,00,1518d7ffffffffffffff
530723329,20,02,d3,6,52000a57,00,1010101214161effff8b
530723438,20,02,0f,6,52000a55,00,ffffff9b1e4afffffffc
530723738,20,02,c0,6,52000a58,00,1517d2ffffffffffffff
530723329,20,02,d3,6,52000a57,00,1010101214161effff8b
530723738,20,02,82,6,52000a55,00,ffffff9a1e48fffffffb
530724032,20,02,34,6,52000a58,00,1518d8ffffffffffffff
530723329,20,02,d3,6,52000a57,00,1010101214161effff8b
530724039,20,02,f5,6,52000a55,00,ffffff9a1e48fffffffb
530724339,20,02,ad,6,52000a58,00,1518f5ffffffffffffff
530723329,20,02,d3,6,52000a57,00,1010101214161effff8b
530724339,20,02,68,6,52000a55,00,ffffff9b1e48fffffffb
530724634,20,02,21,6,52000a58,00,1517dbffffffffffffff
530723329,20,02,d3,6,52000a57,00,1010101214161effff8b
530724639,20,02,db,6,52000a55,00,ffffff9b1e48fffffffa
530724938,20,02,99,6,52000a58,00,1517d1ffffffffffffff
530723329,20,02,d3,6,52000a57,00,1010101214161effff8b
530724940,20,02,4e,6,52000a55,00,ffffff9b1e49fffffffb
530725233,20,02,0d,6,52000a58,00,1517d8ffffffffffffff
530723329,20,02,d3,6,52000a57,00,1010101214161effff8b
530725240,20,02,c1,6,52000a55,00,ffffff9b1e48fffffffa
530725543,20,02,87,6,52000a58,00,1415bdfffffffffffffe
530723329,20,02,d3,6,52000a57,00,1010101214161effff8b
530725541,20,02,34,6,52000a55,00,ffffff9b1f49fffffff6
530725829,20,02,f8,6,52000a58,00,1517d6ffffffffffffff
530725842,20,02,a1,6,52000a57,00,1414131414171effffee
530725843,20,02,a8,6,52000a55,00,ffffff9a1e49fffffffa
